Task,Elapsed Time (seconds)
CLOISTER,0.046529040999303106
CLOISTER,0.059765166995930485
CLOISTER,0.05921354200108908
CLOISTER,0.05454087500402238
CLOISTER,0.046568333003961015
CLOISTER,0.04736195900477469
CLOISTER,0.04790349999530008
CLOISTER,0.04778683400218142
CLOISTER,0.04761345800216077
CLOISTER,0.05943916700198315
