Task,Elapsed Time (seconds)
0.6146435830014525
0.6128338330017868
0.6165367079956923
0.6237217500020051
0.6254132909962209
0.6093227919991477
0.6366849999976694
0.6819061249989318
0.6164177909959108
0.6051556669990532
