Task,Elapsed Time (seconds)
0.0001945000039995648
0.00019233299826737493
0.0002937500030384399
0.00019841599714709446
0.0002059580001514405
0.00022924999939277768
0.00018366699805483222
0.0001984169939532876
0.0002062499988824129
0.00020308399689383805
