Task,Elapsed Time (seconds)
1.1679651669983286
1.176289833005285
1.2056110419944162
1.2528253749987925
1.2746499169952585
1.2674507499978063
1.3015555419988232
1.3229972909975913
1.3574329580005724
1.2568688750034198
