Task,Elapsed Time (seconds)
8.256601874993066
8.084400291991187
7.82118741699378
8.056684708004468
9.630964208001387
7.897145666996948
8.003734750003787
8.07236350000312
8.030267374997493
