Task,Elapsed Time (seconds)
0.03609837499971036
0.04011658299714327
0.03808404099254403
0.03688179199525621
0.03742029199202079
0.03960800000641029
0.03781541700300295
0.03674137500638608
0.0380028749932535
0.03687983300187625
