Task,Elapsed Time (seconds)
0.036049499998625834
0.03720508300466463
0.03750429100182373
0.038306458001898136
0.03611037500377279
0.03748758300207555
0.03662283300218405
0.03662262499710778
0.03791891700529959
0.036416499999177177
