Task,Elapsed Time (seconds)
TRACE,5.095436333009275
TRACE,4.77685333401314
TRACE,4.695475708009326
TRACE,4.616131749993656
TRACE,4.659976833994733
TRACE,4.487082084000576
TRACE,4.604272959011723
TRACE,4.444764167012181
TRACE,4.443636291005532
