Task,Elapsed Time (seconds)
TRACE,4.5711335000014515
TRACE,4.615977749999729
TRACE,4.627244458002679
TRACE,4.4741075839992845
TRACE,4.4671493750065565
TRACE,4.619249834002403
TRACE,4.546803042001557
TRACE,4.6489111249975394
TRACE,4.59891187500034
TRACE,4.481172749998223
